,imdb_id,frame_num,is_close_up,is_medium_shot,is_long_shot,shot_type_confidence
0,34274,0,0,0,1,0.58569336
1,34274,137,0,1,0,1.0
2,34274,274,0,1,0,1.0
3,34274,411,0,1,0,1.0
4,34274,548,0,1,0,1.0
5,34274,685,0,1,0,1.0
6,34274,822,0,1,0,1.0
7,34274,959,0,1,0,1.0
8,34274,1096,0,1,0,1.0
9,34274,1233,0,1,0,1.0
10,34274,1370,0,1,0,1.0
11,34274,1507,0,1,0,1.0
12,34274,1644,0,0,1,0.58434707
13,34274,1781,0,1,0,1.0
14,34274,1918,0,1,0,1.0
15,34274,2055,0,1,0,1.0
16,34274,2192,0,1,0,1.0
17,34274,2329,0,1,0,1.0
18,34274,2466,1,0,0,1.0
19,34274,2603,0,1,0,1.0
20,34274,2740,0,1,0,1.0
21,34274,2877,0,1,0,1.0
22,34274,3014,0,1,0,1.0
23,34274,3151,0,1,0,1.0
24,34274,3288,0,1,0,1.0
25,34274,3425,0,1,0,1.0
26,34274,3562,0,1,0,1.0
27,34274,3699,0,1,0,1.0
28,34274,3836,0,1,0,1.0
29,34274,3973,0,1,0,1.0
30,34274,4110,0,1,0,1.0
31,34274,4247,0,1,0,1.0
32,34274,4384,0,1,0,1.0
33,34274,4521,0,1,0,1.0
34,34274,4658,0,1,0,1.0
35,34274,4795,0,1,0,1.0
36,34274,4932,0,1,0,1.0
37,34274,5069,0,1,0,1.0
38,34274,5206,0,1,0,1.0
39,34274,5343,0,1,0,1.0
40,34274,5480,0,1,0,1.0
41,34274,5617,0,1,0,1.0
42,34274,5754,0,1,0,1.0
43,34274,5891,0,1,0,1.0
44,34274,6028,0,1,0,1.0
45,34274,6165,0,1,0,1.0
46,34274,6302,0,1,0,1.0
47,34274,6439,0,1,0,1.0
48,34274,6576,0,1,0,1.0
49,34274,6713,0,1,0,1.0
50,34274,6850,0,1,0,1.0
51,34274,6987,0,1,0,1.0
52,34274,7124,0,1,0,1.0
53,34274,7261,0,1,0,1.0
54,34274,7398,0,1,0,1.0
55,34274,7535,0,1,0,1.0
56,34274,7672,0,1,0,1.0
57,34274,7809,0,1,0,1.0
58,34274,7946,0,1,0,1.0
59,34274,8083,0,1,0,1.0
60,34274,8220,0,1,0,1.0
61,34274,8357,0,1,0,1.0
62,34274,8494,0,1,0,1.0
63,34274,8631,0,1,0,1.0
64,34274,8768,0,1,0,1.0
65,34274,8905,0,1,0,1.0
66,34274,9042,0,1,0,1.0
67,34274,9179,0,1,0,1.0
68,34274,9316,0,1,0,1.0
69,34274,9453,0,1,0,1.0
70,34274,9590,0,1,0,1.0
71,34274,9727,0,1,0,1.0
72,34274,9864,0,1,0,1.0
73,34274,10001,0,1,0,1.0
74,34274,10138,0,1,0,1.0
75,34274,10275,0,1,0,1.0
76,34274,10412,0,1,0,1.0
77,34274,10549,0,1,0,1.0
78,34274,10686,0,1,0,1.0
79,34274,10823,0,1,0,1.0
80,34274,10960,0,1,0,1.0
81,34274,11097,0,1,0,1.0
82,34274,11234,0,1,0,1.0
83,34274,11371,0,1,0,1.0
84,34274,11508,0,1,0,1.0
85,34274,11645,0,1,0,1.0
86,34274,11782,0,1,0,1.0
87,34274,11919,0,0,1,0.63685274
88,34274,12056,0,1,0,1.0
89,34274,12193,0,1,0,1.0
90,34274,12330,0,1,0,1.0
91,34274,12467,0,1,0,1.0
92,34274,12604,0,1,0,1.0
93,34274,12741,0,1,0,1.0
94,34274,12878,0,1,0,1.0
95,34274,13015,0,1,0,1.0
96,34274,13152,0,1,0,1.0
97,34274,13289,0,1,0,1.0
98,34274,13426,0,1,0,1.0
99,34274,13563,0,1,0,1.0
100,34274,13700,0,1,0,1.0
101,34274,13837,0,1,0,1.0
102,34274,13974,0,1,0,1.0
103,34274,14111,0,1,0,1.0
104,34274,14248,0,1,0,1.0
105,34274,14385,0,1,0,1.0
106,34274,14522,1,0,0,1.0
107,34274,14659,1,0,0,1.0
108,34274,14796,0,1,0,1.0
109,34274,14933,0,1,0,1.0
110,34274,15070,0,1,0,1.0
111,34274,15207,0,1,0,1.0
112,34274,15344,1,0,0,1.0
113,34274,15481,1,0,0,1.0
114,34274,15618,1,0,0,1.0
115,34274,15755,1,0,0,1.0
116,34274,15892,0,1,0,1.0
117,34274,16029,0,1,0,1.0
118,34274,16166,0,1,0,1.0
119,34274,16303,1,0,0,1.0
120,34274,16440,0,1,0,1.0
121,34274,16577,0,1,0,1.0
122,34274,16714,0,1,0,1.0
123,34274,16851,1,0,0,1.0
124,34274,16988,1,0,0,1.0
125,34274,17125,0,1,0,1.0
126,34274,17262,0,1,0,1.0
127,34274,17399,0,1,0,1.0
128,34274,17536,0,1,0,1.0
129,34274,17673,0,1,0,1.0
130,34274,17810,0,1,0,1.0
131,34274,17947,0,1,0,1.0
132,34274,18084,1,0,0,1.0
133,34274,18221,0,1,0,1.0
134,34274,18358,0,1,0,1.0
135,34274,18495,0,1,0,1.0
136,34274,18632,0,1,0,1.0
137,34274,18769,0,1,0,1.0
138,34274,18906,0,1,0,1.0
139,34274,19043,0,1,0,1.0
140,34274,19180,0,1,0,1.0
141,34274,19317,0,1,0,1.0
142,34274,19454,0,1,0,1.0
143,34274,19591,0,1,0,1.0
144,34274,19728,0,1,0,1.0
145,34274,19865,0,1,0,1.0
146,34274,20002,0,1,0,1.0
147,34274,20139,0,1,0,1.0
148,34274,20276,0,1,0,1.0
149,34274,20413,0,1,0,1.0
150,34274,20550,0,1,0,1.0
151,34274,20687,0,1,0,1.0
152,34274,20824,0,1,0,1.0
153,34274,20961,0,1,0,1.0
154,34274,21098,0,1,0,1.0
155,34274,21235,0,1,0,1.0
156,34274,21372,0,1,0,1.0
157,34274,21509,0,1,0,1.0
158,34274,21646,0,1,0,1.0
159,34274,21783,0,1,0,1.0
160,34274,21920,0,1,0,1.0
161,34274,22057,0,1,0,1.0
162,34274,22194,0,1,0,1.0
163,34274,22331,0,1,0,1.0
164,34274,22468,0,1,0,1.0
165,34274,22605,0,1,0,1.0
166,34274,22742,0,1,0,1.0
167,34274,22879,0,1,0,1.0
168,34274,23016,1,0,0,1.0
169,34274,23153,0,1,0,1.0
170,34274,23290,0,1,0,1.0
171,34274,23427,0,1,0,1.0
172,34274,23564,0,1,0,1.0
173,34274,23701,0,1,0,1.0
174,34274,23838,0,1,0,1.0
175,34274,23975,0,1,0,1.0
176,34274,24112,0,1,0,1.0
177,34274,24249,1,0,0,1.0
178,34274,24386,0,1,0,1.0
179,34274,24523,0,1,0,1.0
180,34274,24660,0,1,0,1.0
181,34274,24797,0,1,0,1.0
182,34274,24934,1,0,0,1.0
183,34274,25071,1,0,0,1.0
184,34274,25208,1,0,0,1.0
185,34274,25345,1,0,0,1.0
186,34274,25482,1,0,0,1.0
187,34274,25619,1,0,0,1.0
188,34274,25756,0,1,0,1.0
189,34274,25893,1,0,0,1.0
190,34274,26030,1,0,0,1.0
191,34274,26167,0,0,1,0.58569336
192,34274,26304,0,1,0,1.0
193,34274,26441,0,1,0,1.0
194,34274,26578,0,1,0,1.0
195,34274,26715,0,1,0,1.0
196,34274,26852,1,0,0,1.0
197,34274,26989,0,1,0,1.0
198,34274,27126,0,1,0,1.0
199,34274,27263,0,1,0,1.0
200,34274,27400,0,1,0,1.0
201,34274,27537,0,1,0,1.0
202,34274,27674,0,1,0,1.0
203,34274,27811,0,1,0,1.0
204,34274,27948,0,1,0,1.0
205,34274,28085,0,1,0,1.0
206,34274,28222,0,1,0,1.0
207,34274,28359,0,1,0,1.0
208,34274,28496,0,1,0,1.0
209,34274,28633,0,1,0,1.0
210,34274,28770,0,1,0,1.0
211,34274,28907,0,1,0,1.0
212,34274,29044,0,1,0,1.0
213,34274,29181,0,1,0,1.0
214,34274,29318,0,1,0,1.0
215,34274,29455,0,1,0,1.0
216,34274,29592,0,1,0,1.0
217,34274,29729,0,1,0,1.0
218,34274,29866,0,1,0,1.0
219,34274,30003,0,1,0,1.0
220,34274,30140,0,1,0,1.0
221,34274,30277,0,1,0,1.0
222,34274,30414,0,1,0,1.0
223,34274,30551,0,1,0,1.0
224,34274,30688,0,1,0,1.0
225,34274,30825,0,1,0,1.0
226,34274,30962,0,1,0,1.0
227,34274,31099,0,1,0,1.0
228,34274,31236,0,1,0,1.0
229,34274,31373,0,1,0,1.0
230,34274,31510,0,1,0,1.0
231,34274,31647,0,1,0,1.0
232,34274,31784,0,1,0,1.0
233,34274,31921,0,1,0,1.0
234,34274,32058,0,1,0,1.0
235,34274,32195,0,1,0,1.0
236,34274,32332,0,1,0,1.0
237,34274,32469,0,1,0,1.0
238,34274,32606,0,1,0,1.0
239,34274,32743,0,1,0,1.0
240,34274,32880,0,1,0,1.0
241,34274,33017,0,1,0,1.0
242,34274,33154,0,1,0,1.0
243,34274,33291,0,1,0,1.0
244,34274,33428,0,1,0,1.0
245,34274,33565,0,1,0,1.0
246,34274,33702,0,1,0,1.0
247,34274,33839,0,1,0,1.0
248,34274,33976,0,1,0,1.0
249,34274,34113,0,1,0,1.0
250,34274,34250,0,1,0,1.0
251,34274,34387,0,1,0,1.0
252,34274,34524,0,1,0,1.0
253,34274,34661,0,1,0,1.0
254,34274,34798,0,1,0,1.0
255,34274,34935,0,1,0,1.0
256,34274,35072,0,1,0,1.0
257,34274,35209,0,1,0,1.0
258,34274,35346,0,1,0,1.0
259,34274,35483,0,1,0,1.0
260,34274,35620,0,1,0,1.0
261,34274,35757,0,1,0,1.0
262,34274,35894,0,1,0,1.0
263,34274,36031,0,1,0,1.0
264,34274,36168,0,1,0,1.0
265,34274,36305,0,1,0,1.0
266,34274,36442,0,1,0,1.0
267,34274,36579,0,1,0,1.0
268,34274,36716,0,1,0,1.0
269,34274,36853,0,1,0,1.0
270,34274,36990,0,1,0,1.0
271,34274,37127,0,1,0,1.0
272,34274,37264,1,0,0,1.0
273,34274,37401,0,1,0,1.0
274,34274,37538,0,1,0,1.0
275,34274,37675,0,1,0,1.0
276,34274,37812,1,0,0,1.0
277,34274,37949,0,1,0,1.0
278,34274,38086,0,1,0,1.0
279,34274,38223,0,1,0,1.0
280,34274,38360,0,1,0,1.0
281,34274,38497,0,1,0,1.0
282,34274,38634,0,1,0,1.0
283,34274,38771,0,1,0,1.0
284,34274,38908,0,1,0,1.0
285,34274,39045,0,1,0,1.0
286,34274,39182,0,1,0,1.0
287,34274,39319,0,1,0,1.0
288,34274,39456,0,1,0,1.0
289,34274,39593,0,1,0,1.0
290,34274,39730,0,1,0,1.0
291,34274,39867,0,1,0,1.0
292,34274,40004,0,1,0,1.0
293,34274,40141,0,1,0,1.0
294,34274,40278,0,1,0,1.0
295,34274,40415,0,1,0,1.0
296,34274,40552,0,1,0,1.0
297,34274,40689,0,1,0,1.0
298,34274,40826,0,1,0,1.0
299,34274,40963,0,1,0,1.0
300,34274,41100,0,1,0,1.0
301,34274,41237,0,1,0,1.0
302,34274,41374,0,1,0,1.0
303,34274,41511,1,0,0,1.0
304,34274,41648,0,1,0,1.0
305,34274,41785,0,1,0,1.0
306,34274,41922,0,1,0,1.0
307,34274,42059,0,1,0,1.0
308,34274,42196,0,1,0,1.0
309,34274,42333,0,1,0,1.0
310,34274,42470,0,1,0,1.0
311,34274,42607,0,1,0,1.0
312,34274,42744,0,1,0,1.0
313,34274,42881,0,1,0,1.0
314,34274,43018,0,1,0,1.0
315,34274,43155,0,1,0,1.0
316,34274,43292,0,1,0,1.0
317,34274,43429,0,1,0,1.0
318,34274,43566,0,1,0,1.0
319,34274,43703,0,1,0,1.0
320,34274,43840,1,0,0,1.0
321,34274,43977,1,0,0,1.0
322,34274,44114,1,0,0,1.0
323,34274,44251,0,1,0,1.0
324,34274,44388,0,1,0,1.0
325,34274,44525,0,1,0,1.0
326,34274,44662,1,0,0,1.0
327,34274,44799,0,1,0,1.0
328,34274,44936,0,1,0,1.0
329,34274,45073,0,1,0,1.0
330,34274,45210,0,1,0,1.0
331,34274,45347,0,1,0,1.0
332,34274,45484,0,1,0,1.0
333,34274,45621,1,0,0,1.0
334,34274,45758,1,0,0,1.0
335,34274,45895,0,1,0,1.0
336,34274,46032,1,0,0,1.0
337,34274,46169,0,1,0,1.0
338,34274,46306,0,1,0,1.0
339,34274,46443,0,1,0,1.0
340,34274,46580,0,1,0,1.0
341,34274,46717,0,1,0,1.0
342,34274,46854,0,1,0,1.0
343,34274,46991,0,1,0,1.0
344,34274,47128,0,1,0,1.0
345,34274,47265,0,1,0,1.0
346,34274,47402,0,1,0,1.0
347,34274,47539,0,1,0,1.0
348,34274,47676,0,1,0,1.0
349,34274,47813,1,0,0,1.0
350,34274,47950,1,0,0,1.0
351,34274,48087,1,0,0,1.0
352,34274,48224,1,0,0,1.0
353,34274,48361,1,0,0,1.0
354,34274,48498,0,1,0,1.0
355,34274,48635,0,1,0,1.0
356,34274,48772,0,1,0,1.0
357,34274,48909,0,1,0,1.0
358,34274,49046,0,1,0,1.0
359,34274,49183,0,1,0,1.0
360,34274,49320,0,1,0,1.0
361,34274,49457,0,1,0,1.0
362,34274,49594,0,1,0,1.0
363,34274,49731,1,0,0,1.0
364,34274,49868,0,1,0,1.0
365,34274,50005,1,0,0,1.0
366,34274,50142,1,0,0,1.0
367,34274,50279,1,0,0,1.0
368,34274,50416,1,0,0,1.0
369,34274,50553,1,0,0,0.99988425
370,34274,50690,1,0,0,1.0
371,34274,50827,1,0,0,1.0
372,34274,50964,1,0,0,1.0
373,34274,51101,1,0,0,1.0
374,34274,51238,1,0,0,1.0
375,34274,51375,0,1,0,1.0
376,34274,51512,0,1,0,1.0
377,34274,51649,0,1,0,1.0
378,34274,51786,1,0,0,1.0
379,34274,51923,1,0,0,1.0
380,34274,52060,1,0,0,1.0
381,34274,52197,1,0,0,1.0
382,34274,52334,0,1,0,1.0
383,34274,52471,0,1,0,1.0
384,34274,52608,0,1,0,1.0
385,34274,52745,0,1,0,1.0
386,34274,52882,1,0,0,1.0
387,34274,53019,0,1,0,1.0
388,34274,53156,0,1,0,1.0
389,34274,53293,0,1,0,1.0
390,34274,53430,0,1,0,1.0
391,34274,53567,0,1,0,1.0
392,34274,53704,0,1,0,1.0
393,34274,53841,0,1,0,1.0
394,34274,53978,0,1,0,1.0
395,34274,54115,1,0,0,1.0
396,34274,54252,0,1,0,1.0
397,34274,54389,0,1,0,1.0
398,34274,54526,1,0,0,1.0
399,34274,54663,0,1,0,1.0
400,34274,54800,0,1,0,1.0
401,34274,54937,0,1,0,1.0
402,34274,55074,1,0,0,1.0
403,34274,55211,1,0,0,1.0
404,34274,55348,1,0,0,1.0
405,34274,55485,1,0,0,1.0
406,34274,55622,1,0,0,1.0
407,34274,55759,1,0,0,1.0
408,34274,55896,1,0,0,1.0
409,34274,56033,0,1,0,1.0
410,34274,56170,1,0,0,1.0
411,34274,56307,1,0,0,1.0
412,34274,56444,0,1,0,1.0
413,34274,56581,1,0,0,1.0
414,34274,56718,0,1,0,1.0
415,34274,56855,0,1,0,1.0
416,34274,56992,1,0,0,1.0
417,34274,57129,0,1,0,1.0
418,34274,57266,0,1,0,1.0
419,34274,57403,1,0,0,1.0
420,34274,57540,0,1,0,1.0
421,34274,57677,0,1,0,1.0
422,34274,57814,0,1,0,1.0
423,34274,57951,0,1,0,1.0
424,34274,58088,0,1,0,1.0
425,34274,58225,0,1,0,1.0
426,34274,58362,0,1,0,1.0
427,34274,58499,1,0,0,1.0
428,34274,58636,1,0,0,1.0
429,34274,58773,0,1,0,1.0
430,34274,58910,0,1,0,1.0
431,34274,59047,0,1,0,1.0
432,34274,59184,0,1,0,1.0
433,34274,59321,0,1,0,1.0
434,34274,59458,1,0,0,1.0
435,34274,59595,1,0,0,1.0
436,34274,59732,1,0,0,1.0
437,34274,59869,0,1,0,1.0
438,34274,60006,0,1,0,1.0
439,34274,60143,0,1,0,1.0
440,34274,60280,0,1,0,1.0
441,34274,60417,0,1,0,1.0
442,34274,60554,0,1,0,1.0
443,34274,60691,0,1,0,1.0
444,34274,60828,0,1,0,1.0
445,34274,60965,1,0,0,1.0
446,34274,61102,0,1,0,1.0
447,34274,61239,0,1,0,1.0
448,34274,61376,0,1,0,1.0
449,34274,61513,1,0,0,1.0
450,34274,61650,0,1,0,1.0
451,34274,61787,0,1,0,1.0
452,34274,61924,0,1,0,1.0
453,34274,62061,0,1,0,1.0
454,34274,62198,0,1,0,1.0
455,34274,62335,0,1,0,1.0
456,34274,62472,0,1,0,1.0
457,34274,62609,0,1,0,1.0
458,34274,62746,0,1,0,1.0
459,34274,62883,0,1,0,1.0
460,34274,63020,0,1,0,1.0
461,34274,63157,0,1,0,1.0
462,34274,63294,0,1,0,1.0
463,34274,63431,0,1,0,1.0
464,34274,63568,0,1,0,1.0
465,34274,63705,0,1,0,1.0
466,34274,63842,0,1,0,1.0
467,34274,63979,0,1,0,1.0
468,34274,64116,0,1,0,1.0
469,34274,64253,0,1,0,1.0
470,34274,64390,0,1,0,1.0
471,34274,64527,0,1,0,1.0
472,34274,64664,0,1,0,1.0
473,34274,64801,0,1,0,1.0
474,34274,64938,0,1,0,1.0
475,34274,65075,0,1,0,1.0
476,34274,65212,0,1,0,1.0
477,34274,65349,0,1,0,1.0
478,34274,65486,0,1,0,1.0
479,34274,65623,0,1,0,1.0
480,34274,65760,0,1,0,1.0
481,34274,65897,0,1,0,1.0
482,34274,66034,0,1,0,1.0
483,34274,66171,0,1,0,1.0
484,34274,66308,0,1,0,1.0
485,34274,66445,0,1,0,1.0
486,34274,66582,0,1,0,1.0
487,34274,66719,0,1,0,1.0
488,34274,66856,0,1,0,1.0
489,34274,66993,0,1,0,1.0
490,34274,67130,0,1,0,1.0
491,34274,67267,0,1,0,1.0
492,34274,67404,0,1,0,1.0
493,34274,67541,0,1,0,1.0
494,34274,67678,0,1,0,1.0
495,34274,67815,0,1,0,1.0
496,34274,67952,0,1,0,1.0
497,34274,68089,0,1,0,1.0
498,34274,68226,0,1,0,1.0
499,34274,68363,0,0,1,0.58569336
500,34274,68500,0,1,0,1.0
501,34274,68637,0,1,0,1.0
502,34274,68774,0,1,0,1.0
503,34274,68911,0,1,0,1.0
504,34274,69048,0,1,0,1.0
505,34274,69185,0,1,0,1.0
506,34274,69322,0,1,0,1.0
507,34274,69459,0,1,0,1.0
508,34274,69596,0,1,0,1.0
509,34274,69733,0,1,0,1.0
510,34274,69870,0,1,0,1.0
511,34274,70007,0,1,0,1.0
512,34274,70144,0,1,0,1.0
513,34274,70281,0,1,0,1.0
514,34274,70418,0,1,0,1.0
515,34274,70555,0,1,0,1.0
516,34274,70692,0,1,0,1.0
517,34274,70829,0,1,0,1.0
518,34274,70966,0,1,0,1.0
519,34274,71103,0,1,0,1.0
520,34274,71240,1,0,0,0.99999964
521,34274,71377,1,0,0,1.0
522,34274,71514,1,0,0,1.0
523,34274,71651,1,0,0,1.0
524,34274,71788,0,1,0,1.0
525,34274,71925,0,1,0,1.0
526,34274,72062,0,1,0,1.0
527,34274,72199,0,1,0,1.0
528,34274,72336,0,1,0,1.0
529,34274,72473,0,1,0,1.0
530,34274,72610,0,1,0,1.0
531,34274,72747,0,1,0,1.0
532,34274,72884,0,1,0,1.0
533,34274,73021,0,1,0,1.0
534,34274,73158,0,1,0,1.0
535,34274,73295,0,1,0,1.0
536,34274,73432,0,1,0,1.0
537,34274,73569,0,1,0,1.0
538,34274,73706,0,1,0,1.0
539,34274,73843,0,1,0,1.0
540,34274,73980,0,1,0,1.0
541,34274,74117,0,1,0,1.0
542,34274,74254,0,1,0,1.0
543,34274,74391,0,1,0,1.0
544,34274,74528,0,1,0,1.0
545,34274,74665,0,1,0,1.0
546,34274,74802,0,1,0,1.0
547,34274,74939,0,1,0,1.0
548,34274,75076,0,1,0,1.0
549,34274,75213,0,1,0,1.0
550,34274,75350,0,1,0,1.0
551,34274,75487,0,1,0,1.0
552,34274,75624,0,1,0,1.0
553,34274,75761,0,1,0,1.0
554,34274,75898,0,1,0,1.0
555,34274,76035,0,1,0,1.0
556,34274,76172,0,1,0,1.0
557,34274,76309,0,1,0,1.0
558,34274,76446,0,1,0,1.0
559,34274,76583,0,1,0,1.0
560,34274,76720,0,1,0,1.0
561,34274,76857,0,1,0,1.0
562,34274,76994,0,1,0,1.0
563,34274,77131,0,1,0,1.0
564,34274,77268,0,1,0,1.0
565,34274,77405,0,1,0,1.0
566,34274,77542,0,1,0,1.0
567,34274,77679,0,1,0,1.0
568,34274,77816,0,1,0,1.0
569,34274,77953,0,1,0,1.0
570,34274,78090,0,1,0,1.0
571,34274,78227,0,1,0,1.0
572,34274,78364,0,1,0,1.0
573,34274,78501,0,1,0,1.0
574,34274,78638,0,1,0,1.0
575,34274,78775,0,1,0,1.0
576,34274,78912,0,1,0,1.0
577,34274,79049,0,1,0,1.0
578,34274,79186,0,1,0,1.0
579,34274,79323,0,1,0,1.0
580,34274,79460,0,1,0,1.0
581,34274,79597,0,1,0,1.0
582,34274,79734,0,1,0,1.0
583,34274,79871,0,1,0,1.0
584,34274,80008,0,1,0,1.0
585,34274,80145,0,1,0,1.0
586,34274,80282,0,1,0,1.0
587,34274,80419,0,1,0,1.0
588,34274,80556,0,1,0,1.0
589,34274,80693,0,1,0,1.0
590,34274,80830,0,1,0,1.0
591,34274,80967,0,1,0,1.0
592,34274,81104,0,1,0,1.0
593,34274,81241,0,1,0,1.0
594,34274,81378,0,1,0,1.0
595,34274,81515,0,1,0,1.0
596,34274,81652,0,1,0,1.0
597,34274,81789,0,1,0,1.0
598,34274,81926,0,1,0,1.0
599,34274,82063,0,1,0,1.0
600,34274,82200,0,1,0,1.0
601,34274,82337,0,1,0,1.0
602,34274,82474,1,0,0,1.0
603,34274,82611,0,1,0,1.0
604,34274,82748,0,1,0,1.0
605,34274,82885,0,1,0,1.0
606,34274,83022,0,1,0,1.0
607,34274,83159,0,1,0,1.0
608,34274,83296,1,0,0,1.0
609,34274,83433,1,0,0,1.0
610,34274,83570,0,1,0,1.0
611,34274,83707,0,1,0,1.0
612,34274,83844,0,1,0,1.0
613,34274,83981,0,1,0,1.0
614,34274,84118,0,1,0,1.0
615,34274,84255,0,1,0,1.0
616,34274,84392,0,1,0,1.0
617,34274,84529,0,1,0,1.0
618,34274,84666,0,1,0,1.0
619,34274,84803,0,1,0,1.0
620,34274,84940,0,1,0,1.0
621,34274,85077,0,1,0,1.0
622,34274,85214,0,1,0,1.0
623,34274,85351,0,1,0,1.0
624,34274,85488,0,1,0,1.0
625,34274,85625,0,1,0,1.0
626,34274,85762,0,1,0,1.0
627,34274,85899,1,0,0,1.0
628,34274,86036,1,0,0,1.0
629,34274,86173,1,0,0,1.0
630,34274,86310,1,0,0,1.0
631,34274,86447,0,1,0,1.0
632,34274,86584,0,1,0,1.0
633,34274,86721,0,1,0,1.0
634,34274,86858,0,1,0,1.0
635,34274,86995,0,1,0,1.0
636,34274,87132,0,1,0,1.0
637,34274,87269,0,1,0,1.0
638,34274,87406,0,1,0,1.0
639,34274,87543,0,1,0,1.0
640,34274,87680,0,1,0,1.0
641,34274,87817,0,1,0,1.0
642,34274,87954,0,1,0,1.0
643,34274,88091,0,1,0,1.0
644,34274,88228,0,1,0,1.0
645,34274,88365,0,1,0,1.0
646,34274,88502,0,1,0,1.0
647,34274,88639,0,1,0,1.0
648,34274,88776,0,1,0,1.0
649,34274,88913,0,1,0,1.0
650,34274,89050,0,1,0,1.0
651,34274,89187,0,1,0,1.0
652,34274,89324,0,1,0,1.0
653,34274,89461,0,1,0,1.0
654,34274,89598,0,1,0,1.0
655,34274,89735,0,1,0,1.0
656,34274,89872,0,1,0,1.0
657,34274,90009,0,1,0,1.0
658,34274,90146,0,1,0,1.0
659,34274,90283,0,1,0,1.0
660,34274,90420,0,1,0,1.0
661,34274,90557,0,1,0,1.0
662,34274,90694,0,1,0,1.0
663,34274,90831,0,1,0,1.0
664,34274,90968,0,1,0,1.0
665,34274,91105,0,1,0,1.0
666,34274,91242,0,1,0,1.0
667,34274,91379,0,1,0,1.0
668,34274,91516,0,1,0,1.0
669,34274,91653,0,1,0,1.0
670,34274,91790,0,1,0,1.0
671,34274,91927,0,1,0,1.0
672,34274,92064,0,1,0,1.0
673,34274,92201,0,1,0,1.0
674,34274,92338,0,1,0,1.0
675,34274,92475,0,1,0,1.0
676,34274,92612,0,1,0,1.0
677,34274,92749,0,1,0,1.0
678,34274,92886,0,1,0,1.0
679,34274,93023,0,1,0,1.0
680,34274,93160,0,1,0,1.0
681,34274,93297,0,1,0,1.0
682,34274,93434,0,1,0,1.0
683,34274,93571,0,1,0,1.0
684,34274,93708,0,1,0,1.0
685,34274,93845,0,1,0,1.0
686,34274,93982,0,1,0,1.0
687,34274,94119,0,1,0,1.0
688,34274,94256,0,1,0,1.0
689,34274,94393,0,1,0,1.0
690,34274,94530,1,0,0,1.0
691,34274,94667,0,1,0,1.0
692,34274,94804,0,1,0,1.0
693,34274,94941,0,1,0,1.0
694,34274,95078,0,1,0,1.0
695,34274,95215,1,0,0,1.0
696,34274,95352,0,1,0,1.0
697,34274,95489,0,1,0,1.0
698,34274,95626,0,1,0,1.0
699,34274,95763,0,1,0,1.0
700,34274,95900,0,1,0,1.0
701,34274,96037,0,1,0,1.0
702,34274,96174,0,1,0,1.0
703,34274,96311,0,1,0,1.0
704,34274,96448,0,1,0,1.0
705,34274,96585,0,1,0,1.0
706,34274,96722,0,1,0,1.0
707,34274,96859,0,1,0,1.0
708,34274,96996,0,1,0,1.0
709,34274,97133,0,1,0,1.0
710,34274,97270,0,1,0,1.0
711,34274,97407,0,1,0,1.0
712,34274,97544,0,1,0,1.0
713,34274,97681,0,1,0,1.0
714,34274,97818,0,1,0,1.0
715,34274,97955,0,1,0,1.0
716,34274,98092,1,0,0,0.6493096
717,34274,98229,0,1,0,1.0
718,34274,98366,0,1,0,1.0
719,34274,98503,0,1,0,1.0
720,34274,98640,0,1,0,1.0
721,34274,98777,0,1,0,1.0
722,34274,98914,0,1,0,1.0
723,34274,99051,0,1,0,1.0
724,34274,99188,0,1,0,1.0
725,34274,99325,0,1,0,1.0
726,34274,99462,0,1,0,1.0
727,34274,99599,0,1,0,1.0
728,34274,99736,0,1,0,1.0
729,34274,99873,0,1,0,1.0
730,34274,100010,0,1,0,1.0
731,34274,100147,0,1,0,1.0
732,34274,100284,0,1,0,1.0
733,34274,100421,0,1,0,1.0
734,34274,100558,0,1,0,1.0
735,34274,100695,0,1,0,1.0
736,34274,100832,0,1,0,1.0
737,34274,100969,0,1,0,1.0
738,34274,101106,0,1,0,1.0
739,34274,101243,0,1,0,1.0
740,34274,101380,0,1,0,1.0
741,34274,101517,0,1,0,1.0
742,34274,101654,0,1,0,1.0
743,34274,101791,0,1,0,1.0
744,34274,101928,0,1,0,1.0
745,34274,102065,0,1,0,1.0
746,34274,102202,0,1,0,1.0
747,34274,102339,0,1,0,1.0
748,34274,102476,0,1,0,1.0
749,34274,102613,0,1,0,1.0
750,34274,102750,0,1,0,1.0
751,34274,102887,0,1,0,1.0
752,34274,103024,0,1,0,1.0
753,34274,103161,0,1,0,1.0
754,34274,103298,0,1,0,1.0
755,34274,103435,0,1,0,1.0
756,34274,103572,0,1,0,1.0
757,34274,103709,0,1,0,1.0
758,34274,103846,0,1,0,1.0
759,34274,103983,0,1,0,1.0
760,34274,104120,0,1,0,1.0
761,34274,104257,0,1,0,1.0
762,34274,104394,0,1,0,1.0
763,34274,104531,0,1,0,1.0
764,34274,104668,0,1,0,1.0
765,34274,104805,0,1,0,1.0
766,34274,104942,0,1,0,1.0
767,34274,105079,0,1,0,1.0
768,34274,105216,0,1,0,1.0
769,34274,105353,0,1,0,1.0
770,34274,105490,0,1,0,1.0
771,34274,105627,0,1,0,1.0
772,34274,105764,1,0,0,1.0
773,34274,105901,1,0,0,1.0
774,34274,106038,1,0,0,1.0
775,34274,106175,1,0,0,1.0
776,34274,106312,0,1,0,1.0
777,34274,106449,0,1,0,1.0
778,34274,106586,0,1,0,1.0
779,34274,106723,0,1,0,1.0
780,34274,106860,0,1,0,1.0
781,34274,106997,0,1,0,1.0
782,34274,107134,0,1,0,1.0
783,34274,107271,0,1,0,1.0
784,34274,107408,0,1,0,1.0
785,34274,107545,0,1,0,1.0
786,34274,107682,0,1,0,1.0
787,34274,107819,0,1,0,1.0
788,34274,107956,0,1,0,1.0
789,34274,108093,0,1,0,1.0
790,34274,108230,0,1,0,1.0
791,34274,108367,0,1,0,1.0
792,34274,108504,0,1,0,1.0
793,34274,108641,0,1,0,1.0
794,34274,108778,1,0,0,0.9999993
795,34274,108915,0,1,0,1.0
796,34274,109052,0,1,0,1.0
797,34274,109189,0,1,0,1.0
798,34274,109326,0,1,0,1.0
799,34274,109463,0,1,0,1.0
800,34274,109600,0,1,0,1.0
801,34274,109737,0,1,0,1.0
802,34274,109874,0,1,0,1.0
803,34274,110011,0,1,0,1.0
804,34274,110148,0,1,0,1.0
805,34274,110285,0,1,0,1.0
806,34274,110422,0,1,0,1.0
807,34274,110559,0,1,0,1.0
808,34274,110696,0,1,0,1.0
809,34274,110833,0,1,0,1.0
810,34274,110970,0,1,0,1.0
811,34274,111107,0,1,0,1.0
812,34274,111244,0,1,0,1.0
813,34274,111381,0,1,0,1.0
814,34274,111518,0,1,0,1.0
815,34274,111655,0,1,0,1.0
816,34274,111792,0,1,0,1.0
817,34274,111929,0,1,0,1.0
818,34274,112066,0,1,0,1.0
819,34274,112203,0,1,0,1.0
820,34274,112340,0,1,0,1.0
821,34274,112477,0,1,0,1.0
822,34274,112614,0,1,0,1.0
823,34274,112751,0,1,0,1.0
824,34274,112888,1,0,0,1.0
825,34274,113025,1,0,0,1.0
826,34274,113162,0,1,0,1.0
827,34274,113299,1,0,0,1.0
828,34274,113436,1,0,0,1.0
829,34274,113573,1,0,0,1.0
830,34274,113710,0,1,0,1.0
831,34274,113847,0,1,0,1.0
832,34274,113984,0,1,0,1.0
833,34274,114121,0,1,0,1.0
834,34274,114258,0,1,0,1.0
835,34274,114395,0,1,0,1.0
836,34274,114532,1,0,0,1.0
837,34274,114669,0,1,0,1.0
838,34274,114806,0,1,0,1.0
839,34274,114943,0,1,0,1.0
840,34274,115080,0,1,0,1.0
841,34274,115217,0,1,0,1.0
842,34274,115354,0,1,0,1.0
843,34274,115491,0,1,0,1.0
844,34274,115628,0,1,0,1.0
845,34274,115765,0,1,0,1.0
846,34274,115902,0,1,0,1.0
847,34274,116039,0,1,0,1.0
848,34274,116176,0,1,0,1.0
849,34274,116313,0,1,0,1.0
850,34274,116450,0,1,0,1.0
851,34274,116587,0,1,0,1.0
852,34274,116724,0,1,0,1.0
853,34274,116861,1,0,0,1.0
854,34274,116998,0,1,0,1.0
855,34274,117135,0,1,0,1.0
856,34274,117272,1,0,0,1.0
857,34274,117409,0,1,0,1.0
858,34274,117546,0,1,0,1.0
859,34274,117683,0,1,0,1.0
860,34274,117820,0,1,0,1.0
861,34274,117957,0,1,0,1.0
862,34274,118094,1,0,0,1.0
863,34274,118231,0,1,0,1.0
864,34274,118368,0,1,0,1.0
865,34274,118505,1,0,0,1.0
866,34274,118642,0,1,0,1.0
867,34274,118779,0,1,0,1.0
868,34274,118916,1,0,0,1.0
869,34274,119053,1,0,0,1.0
870,34274,119190,1,0,0,1.0
871,34274,119327,1,0,0,1.0
872,34274,119464,1,0,0,1.0
873,34274,119601,0,1,0,1.0
874,34274,119738,0,1,0,1.0
875,34274,119875,0,1,0,1.0
876,34274,120012,0,1,0,1.0
877,34274,120149,0,1,0,1.0
878,34274,120286,0,1,0,1.0
879,34274,120423,0,1,0,1.0
880,34274,120560,0,1,0,1.0
881,34274,120697,1,0,0,1.0
882,34274,120834,1,0,0,1.0
883,34274,120971,1,0,0,1.0
884,34274,121108,0,1,0,1.0
885,34274,121245,0,1,0,1.0
886,34274,121382,1,0,0,1.0
887,34274,121519,1,0,0,1.0
888,34274,121656,1,0,0,1.0
889,34274,121793,0,1,0,1.0
890,34274,121930,0,1,0,1.0
891,34274,122067,1,0,0,1.0
892,34274,122204,1,0,0,1.0
893,34274,122341,1,0,0,1.0
894,34274,122478,1,0,0,1.0
895,34274,122615,1,0,0,1.0
896,34274,122752,0,1,0,1.0
897,34274,122889,0,1,0,1.0
898,34274,123026,0,1,0,1.0
899,34274,123163,0,1,0,1.0
900,34274,123300,0,1,0,1.0
901,34274,123437,1,0,0,1.0
902,34274,123574,1,0,0,1.0
903,34274,123711,1,0,0,1.0
904,34274,123848,1,0,0,1.0
905,34274,123985,0,1,0,1.0
906,34274,124122,0,1,0,1.0
907,34274,124259,0,1,0,1.0
908,34274,124396,0,1,0,0.9999987
909,34274,124533,0,1,0,1.0
910,34274,124670,0,1,0,1.0
911,34274,124807,0,1,0,1.0
912,34274,124944,0,1,0,1.0
913,34274,125081,0,1,0,1.0
914,34274,125218,0,1,0,1.0
915,34274,125355,0,1,0,1.0
916,34274,125492,0,1,0,1.0
917,34274,125629,0,1,0,1.0
918,34274,125766,0,1,0,1.0
919,34274,125903,0,1,0,1.0
920,34274,126040,0,1,0,1.0
921,34274,126177,0,1,0,1.0
922,34274,126314,0,1,0,1.0
923,34274,126451,0,1,0,1.0
924,34274,126588,0,1,0,1.0
925,34274,126725,0,1,0,1.0
926,34274,126862,0,1,0,1.0
927,34274,126999,0,1,0,1.0
928,34274,127136,0,1,0,1.0
929,34274,127273,0,1,0,1.0
930,34274,127410,0,1,0,1.0
931,34274,127547,0,1,0,1.0
932,34274,127684,0,1,0,1.0
933,34274,127821,0,1,0,1.0
934,34274,127958,0,1,0,1.0
935,34274,128095,0,1,0,1.0
936,34274,128232,0,1,0,1.0
937,34274,128369,0,1,0,1.0
938,34274,128506,0,1,0,1.0
939,34274,128643,0,1,0,1.0
940,34274,128780,0,1,0,1.0
941,34274,128917,1,0,0,1.0
942,34274,129054,0,1,0,1.0
943,34274,129191,0,1,0,1.0
944,34274,129328,0,1,0,1.0
945,34274,129465,0,1,0,1.0
946,34274,129602,0,1,0,1.0
947,34274,129739,0,1,0,1.0
948,34274,129876,0,1,0,1.0
949,34274,130013,0,1,0,1.0
950,34274,130150,0,1,0,1.0
951,34274,130287,0,1,0,1.0
952,34274,130424,0,1,0,1.0
953,34274,130561,0,1,0,1.0
954,34274,130698,0,1,0,1.0
955,34274,130835,0,1,0,1.0
956,34274,130972,0,1,0,1.0
957,34274,131109,0,1,0,1.0
958,34274,131246,0,1,0,1.0
959,34274,131383,0,1,0,1.0
960,34274,131520,0,1,0,1.0
961,34274,131657,0,1,0,1.0
962,34274,131794,0,1,0,1.0
963,34274,131931,0,1,0,1.0
964,34274,132068,0,1,0,1.0
965,34274,132205,0,1,0,1.0
966,34274,132342,0,1,0,1.0
967,34274,132479,0,1,0,1.0
968,34274,132616,0,1,0,1.0
969,34274,132753,0,1,0,1.0
970,34274,132890,0,1,0,1.0
971,34274,133027,0,1,0,1.0
972,34274,133164,0,1,0,1.0
973,34274,133301,0,1,0,1.0
974,34274,133438,0,1,0,1.0
975,34274,133575,0,1,0,1.0
976,34274,133712,0,1,0,1.0
977,34274,133849,0,1,0,1.0
978,34274,133986,0,1,0,1.0
979,34274,134123,0,1,0,1.0
980,34274,134260,1,0,0,1.0
981,34274,134397,0,1,0,1.0
982,34274,134534,0,1,0,1.0
983,34274,134671,0,1,0,1.0
984,34274,134808,0,1,0,1.0
985,34274,134945,0,1,0,1.0
986,34274,135082,0,1,0,1.0
987,34274,135219,0,1,0,1.0
988,34274,135356,0,1,0,1.0
989,34274,135493,0,1,0,1.0
990,34274,135630,0,1,0,1.0
991,34274,135767,0,1,0,1.0
992,34274,135904,0,1,0,1.0
993,34274,136041,0,1,0,1.0
994,34274,136178,0,1,0,1.0
995,34274,136315,0,1,0,1.0
996,34274,136452,0,1,0,1.0
997,34274,136589,0,1,0,1.0
998,34274,136726,0,1,0,1.0
999,34274,136863,0,1,0,1.0
1000,34274,137000,0,1,0,1.0
1001,34274,137137,1,0,0,1.0
1002,34274,137274,0,1,0,1.0
1003,34274,137411,0,1,0,1.0
1004,34274,137548,0,1,0,1.0
1005,34274,137685,0,1,0,1.0
1006,34274,137822,0,1,0,1.0
1007,34274,137959,0,1,0,1.0
1008,34274,138096,0,1,0,1.0
1009,34274,138233,0,1,0,1.0
1010,34274,138370,0,1,0,1.0
1011,34274,138507,0,1,0,1.0
1012,34274,138644,0,1,0,1.0
1013,34274,138781,0,1,0,1.0
1014,34274,138918,0,1,0,1.0
1015,34274,139055,0,1,0,1.0
1016,34274,139192,0,1,0,1.0
1017,34274,139329,0,1,0,1.0
1018,34274,139466,0,1,0,1.0
1019,34274,139603,0,1,0,1.0
1020,34274,139740,0,1,0,1.0
1021,34274,139877,0,1,0,1.0
1022,34274,140014,0,1,0,1.0
1023,34274,140151,0,1,0,1.0
1024,34274,140288,0,1,0,1.0
1025,34274,140425,0,1,0,1.0
1026,34274,140562,0,1,0,1.0
1027,34274,140699,0,1,0,1.0
1028,34274,140836,0,1,0,1.0
1029,34274,140973,0,1,0,1.0
1030,34274,141110,1,0,0,1.0
1031,34274,141247,0,1,0,1.0
1032,34274,141384,0,1,0,1.0
1033,34274,141521,0,1,0,1.0
1034,34274,141658,0,1,0,1.0
1035,34274,141795,0,1,0,1.0
1036,34274,141932,0,1,0,1.0
1037,34274,142069,0,1,0,1.0
1038,34274,142206,0,1,0,1.0
1039,34274,142343,0,1,0,1.0
1040,34274,142480,1,0,0,1.0
1041,34274,142617,0,1,0,1.0
1042,34274,142754,0,1,0,1.0
1043,34274,142891,1,0,0,1.0
1044,34274,143028,0,1,0,1.0
1045,34274,143165,0,1,0,1.0
1046,34274,143302,0,1,0,1.0
1047,34274,143439,0,1,0,1.0
1048,34274,143576,0,1,0,1.0
1049,34274,143713,0,1,0,1.0
1050,34274,143850,1,0,0,1.0
1051,34274,143987,0,1,0,1.0
1052,34274,144124,0,0,1,0.58569336
1053,34274,144261,0,1,0,1.0
1054,34274,144398,0,1,0,1.0
1055,34274,144535,0,1,0,1.0
1056,34274,144672,0,1,0,1.0
1057,34274,144809,0,0,1,0.58569336
